{"mean": [0.00010928641251221896, 0.0009117302052785923, -0.002068230694037146, -0.018178299120234605, 0.0004557184750733138, 0.00020606060606060607, 0.0009726295210166178, 0.0037625610948191592, -0.011848387096774193], "scale": [80.76010337744796, 110.63345566517845, 86.37578420820454, 620.2911733438176, 569.7802694679058, 451.51107919657574, 309.2985468439782, 427.90776003864886, 346.54324787269366], "var": [6522.194297536083, 12239.761512419005, 7460.776097582316, 384761.1397282499, 324649.5554749193, 203862.25463725647, 95665.59107979659, 183105.0511012939, 120092.22264615518], "n_features_in": 9, "n_samples_seen": 10230000}